CellLine,ReceptorStatus,MolecularSubtype,ClaudinStatus,BRCA1,BRCA2,CDH1,MAP3K1,MLL3,PIK3CA,PTEN,TP53,GATA3,MAP2K4
184B5,NM,Basal,,NA,NA,NA,NA,NA,NA,NA,NA,NA,NA
AU-565,HER2amp,Luminal,,WT,WT,WT,WT,MUT,WT,WT,MUT,WT,WT
BT-20,TNBC,Basal A,,WT,MUT,WT,WT,WT,MUT,WT,MUT,WT,WT
BT-474,HER2amp,Luminal,,WT,MUT,WT,WT,WT,MUT,WT,MUT,WT,WT
BT-483,HR+,Luminal,,WT,WT,WT,WT,WT,MUT,WT,MUT,MUT,WT
BT-549,TNBC,Basal B,low,WT,WT,WT,WT,WT,WT,WT,WT,WT,WT
CAMA-1,HR+,Luminal,,WT,WT,MUT,MUT,WT,WT,MUT,MUT,WT,WT
DU4475,TNBC,NA,,WT,WT,WT,WT,MUT,WT,WT,WT,WT,WT
HCC38,TNBC,Basal B,low,WT,WT,WT,WT,MUT,MUT,WT,MUT,WT,WT
HCC70,TNBC,Basal A,,WT,WT,WT,WT,WT,WT,MUT,MUT,WT,WT
HCC202,HER2amp,Luminal,,WT,WT,WT,WT,MUT,MUT,WT,MUT,WT,WT
HCC1187,TNBC,Basal A,,WT,WT,WT,WT,MUT,WT,WT,WT,WT,WT
HCC1395,TNBC,Basal B,low,MUT,MUT,WT,WT,WT,WT,WT,MUT,WT,WT
HCC1419,HER2amp,Luminal,,WT,WT,WT,WT,WT,WT,WT,MUT,WT,WT
HCC1428,HR+,Luminal,,WT,WT,WT,WT,WT,WT,WT,WT,WT,WT
HCC1500,HR+,Luminal,,WT,WT,WT,WT,MUT,WT,WT,WT,WT,WT
HCC1569,HER2amp,Basal A,,WT,MUT,WT,WT,MUT,WT,MUT,MUT,WT,WT
HCC1599,TNBC,Basal A,,WT,MUT,WT,WT,WT,WT,WT,MUT,WT,WT
HCC1806,TNBC,Basal A,,WT,WT,WT,WT,WT,WT,WT,WT,WT,WT
HCC1937,TNBC,Basal A,,MUT,WT,WT,WT,WT,WT,MUT,MUT,WT,WT
HCC1954,HER2amp,Basal A,,WT,WT,WT,WT,WT,MUT,WT,MUT,WT,WT
HCC2157,TNBC,Basal A,,WT,WT,WT,WT,WT,WT,WT,MUT,WT,WT
HCC2218,HER2amp,Luminal,,WT,WT,WT,WT,WT,WT,WT,WT,WT,WT
Hs 578T,TNBC,Basal B,low,WT,WT,WT,WT,WT,WT,WT,MUT,WT,WT
MCF7,HR+,Luminal,,WT,WT,WT,WT,WT,MUT,WT,WT,MUT,WT
MCF 10A,NM,Basal B,,NA,NA,NA,NA,NA,NA,NA,NA,NA,NA
MCF 10F,NM,NA,,NA,NA,NA,NA,NA,NA,NA,NA,NA,NA
MCF-12A,NM,Basal B,,NA,NA,NA,NA,NA,NA,NA,NA,NA,NA
MDA-MB-134-VI,HR+,Luminal,,WT,WT,WT,WT,WT,WT,WT,WT,WT,MUT
MDA-MB-157,TNBC,Basal B,low,WT,WT,WT,MUT,WT,WT,WT,MUT,WT,WT
MDA-MB-175-VII,HR+,Luminal,,WT,WT,WT,WT,MUT,WT,WT,WT,WT,WT
MDA-MB-231,TNBC,Basal B,low,WT,WT,WT,WT,WT,WT,WT,MUT,WT,WT
MDA-MB-361,HER2amp,Luminal,,WT,MUT,WT,WT,WT,MUT,WT,MUT,WT,WT
MDA-MB-415,HR+,Luminal,,WT,WT,WT,MUT,MUT,WT,MUT,MUT,WT,MUT
MDA-MB-436,TNBC,Basal B,low,MUT,WT,WT,WT,MUT,WT,WT,WT,WT,WT
MDA-MB-453,TNBC,Luminal,,WT,WT,MUT,WT,MUT,MUT,MUT,WT,WT,WT
MDA-MB-468,TNBC,Basal A,,WT,WT,WT,WT,MUT,WT,MUT,WT,WT,WT
SK-BR-3,HER2amp,Luminal,,WT,WT,WT,WT,MUT,WT,WT,MUT,WT,WT
T47D,HR+,Luminal,,WT,WT,WT,WT,MUT,MUT,WT,MUT,WT,WT
UACC-812,HER2amp,Luminal,,WT,WT,MUT,WT,WT,WT,WT,WT,WT,WT
UACC-893,HER2amp,Luminal,,WT,WT,WT,WT,WT,MUT,WT,MUT,WT,WT
ZR-75-1,HR+,Luminal,,WT,WT,WT,WT,WT,WT,MUT,WT,WT,WT
ZR-75-30,HER2amp,Luminal,,WT,MUT,MUT,WT,MUT,WT,WT,WT,WT,WT